{
    "Ansi 6 Color" : {
      "Red Component" : 0.26147356629371643,
      "Color Space" : "Calibrated",
      "Blue Component" : 0.9413907527923584,
      "Alpha Component" : 1,
      "Green Component" : 0.86014789342880249
    },
    "Tags" : [

    ],
    "Ansi 12 Color" : {
      "Red Component" : 0.74117648601531982,
      "Color Space" : "Calibrated",
      "Blue Component" : 0.97647058963775635,
      "Alpha Component" : 1,
      "Green Component" : 0.57647061347961426
    },
    "Ansi 2 Color" : {
      "Red Component" : 0.13422772288322449,
      "Color Space" : "Calibrated",
      "Blue Component" : 0.38680076599121094,
      "Alpha Component" : 1,
      "Green Component" : 1
    },
    "Draw Powerline Glyphs" : false,
    "Bold Color" : {
      "Red Component" : 0.90237069129943848,
      "Color Space" : "Calibrated",
      "Blue Component" : 0.90237069129943848,
      "Alpha Component" : 1,
      "Green Component" : 0.90237069129943848
    },
    "Normal Font" : "Monaco 12",
    "Link Color" : {
      "Red Component" : 0.023000000044703484,
      "Color Space" : "Calibrated",
      "Blue Component" : 0.67799997329711914,
      "Alpha Component" : 1,
      "Green Component" : 0.27000001072883606
    },
    "Ansi 3 Color" : {
      "Red Component" : 0.99488258361816406,
      "Color Space" : "Calibrated",
      "Blue Component" : 0.039269890636205673,
      "Alpha Component" : 1,
      "Green Component" : 0.75014352798461914
    },
    "Rows" : 40,
    "Default Bookmark" : "No",
    "Ansi 5 Color" : {
      "Red Component" : 0.98535072803497314,
      "Color Space" : "Calibrated",
      "Blue Component" : 0.67614001035690308,
      "Alpha Component" : 1,
      "Green Component" : 0
    },
    "Cursor Guide Color" : {
      "Red Component" : 0.64999997615814209,
      "Color Space" : "Calibrated",
      "Blue Component" : 1,
      "Alpha Component" : 0.25,
      "Green Component" : 0.9100000262260437
    },
    "Non-ASCII Anti Aliased" : true,
    "Use Bright Bold" : true,
    "Ansi 10 Color" : {
      "Red Component" : 0.31372550129890442,
      "Color Space" : "Calibrated",
      "Blue Component" : 0.48235294222831726,
      "Alpha Component" : 1,
      "Green Component" : 0.98039215803146362
    },
    "Icon" : 0,
    "Ambiguous Double Width" : false,
    "Jobs to Ignore" : [
      "rlogin",
      "ssh",
      "slogin",
      "telnet"
    ],
    "Ansi 15 Color" : {
      "Red Component" : 1,
      "Color Space" : "Calibrated",
      "Blue Component" : 0.99999129772186279,
      "Alpha Component" : 1,
      "Green Component" : 0.99997437000274658
    },
    "Foreground Color" : {
      "Red Component" : 0.90032327175140381,
      "Color Space" : "Calibrated",
      "Blue Component" : 0.90032327175140381,
      "Alpha Component" : 1,
      "Green Component" : 0.90032327175140381
    },
    "Working Directory" : "\/Users\/mikalai",
    "Blinking Cursor" : false,
    "Disable Window Resizing" : true,
    "Sync Title" : false,
    "Prompt Before Closing 2" : false,
    "BM Growl" : true,
    "Command" : "",
    "Description" : "Default",
    "Mouse Reporting" : true,
    "Screen" : -1,
    "Selection Color" : {
      "Red Component" : 0.26666668057441711,
      "Color Space" : "Calibrated",
      "Blue Component" : 0.35294118523597717,
      "Alpha Component" : 1,
      "Green Component" : 0.27843138575553894
    },
    "Only The Default BG Color Uses Transparency" : false,
    "Columns" : 200,
    "Idle Code" : 0,
    "Ansi 13 Color" : {
      "Red Component" : 0.98535072803497314,
      "Color Space" : "Calibrated",
      "Blue Component" : 0.67614001035690308,
      "Alpha Component" : 1,
      "Green Component" : 0
    },
    "Custom Command" : "No",
    "ASCII Anti Aliased" : true,
    "Non Ascii Font" : "Monaco 12",
    "Vertical Spacing" : 1,
    "Use Bold Font" : true,
    "Option Key Sends" : 0,
    "Selected Text Color" : {
      "Red Component" : 1,
      "Color Space" : "Calibrated",
      "Blue Component" : 0.99999129772186279,
      "Alpha Component" : 1,
      "Green Component" : 0.99997437000274658
    },
    "Background Color" : {
      "Red Component" : 0.11765811592340469,
      "Color Space" : "Calibrated",
      "Blue Component" : 0.15977837145328522,
      "Alpha Component" : 1,
      "Green Component" : 0.12215272337198257
    },
    "Character Encoding" : 4,
    "Ansi 11 Color" : {
      "Red Component" : 0.94509804248809814,
      "Color Space" : "Calibrated",
      "Blue Component" : 0.54901963472366333,
      "Alpha Component" : 1,
      "Green Component" : 0.98039215803146362
    },
    "Use Italic Font" : true,
    "Unlimited Scrollback" : false,
    "Keyboard Map" : {
      "0xf700-0x260000" : {
        "Action" : 10,
        "Text" : "[1;6A"
      },
      "0x37-0x40000" : {
        "Action" : 11,
        "Text" : "0x1f"
      },
      "0x32-0x40000" : {
        "Action" : 11,
        "Text" : "0x00"
      },
      "0xf709-0x20000" : {
        "Action" : 10,
        "Text" : "[17;2~"
      },
      "0xf70c-0x20000" : {
        "Action" : 10,
        "Text" : "[20;2~"
      },
      "0xf729-0x20000" : {
        "Action" : 10,
        "Text" : "[1;2H"
      },
      "0xf72b-0x40000" : {
        "Action" : 10,
        "Text" : "[1;5F"
      },
      "0xf705-0x20000" : {
        "Action" : 10,
        "Text" : "[1;2Q"
      },
      "0xf703-0x260000" : {
        "Action" : 10,
        "Text" : "[1;6C"
      },
      "0xf700-0x220000" : {
        "Action" : 10,
        "Text" : "[1;2A"
      },
      "0xf701-0x280000" : {
        "Action" : 11,
        "Text" : "0x1b 0x1b 0x5b 0x42"
      },
      "0x38-0x40000" : {
        "Action" : 11,
        "Text" : "0x7f"
      },
      "0x33-0x40000" : {
        "Action" : 11,
        "Text" : "0x1b"
      },
      "0xf703-0x220000" : {
        "Action" : 10,
        "Text" : "[1;2C"
      },
      "0xf701-0x240000" : {
        "Action" : 10,
        "Text" : "[1;5B"
      },
      "0xf70d-0x20000" : {
        "Action" : 10,
        "Text" : "[21;2~"
      },
      "0xf702-0x260000" : {
        "Action" : 10,
        "Text" : "[1;6D"
      },
      "0xf729-0x40000" : {
        "Action" : 10,
        "Text" : "[1;5H"
      },
      "0xf706-0x20000" : {
        "Action" : 10,
        "Text" : "[1;2R"
      },
      "0x34-0x40000" : {
        "Action" : 11,
        "Text" : "0x1c"
      },
      "0xf700-0x280000" : {
        "Action" : 11,
        "Text" : "0x1b 0x1b 0x5b 0x41"
      },
      "0x2d-0x40000" : {
        "Action" : 11,
        "Text" : "0x1f"
      },
      "0xf70e-0x20000" : {
        "Action" : 10,
        "Text" : "[23;2~"
      },
      "0xf702-0x220000" : {
        "Action" : 10,
        "Text" : "[1;2D"
      },
      "0xf703-0x280000" : {
        "Action" : 11,
        "Text" : "0x1b 0x1b 0x5b 0x43"
      },
      "0xf700-0x240000" : {
        "Action" : 10,
        "Text" : "[1;5A"
      },
      "0xf707-0x20000" : {
        "Action" : 10,
        "Text" : "[1;2S"
      },
      "0xf70a-0x20000" : {
        "Action" : 10,
        "Text" : "[18;2~"
      },
      "0x35-0x40000" : {
        "Action" : 11,
        "Text" : "0x1d"
      },
      "0xf70f-0x20000" : {
        "Action" : 10,
        "Text" : "[24;2~"
      },
      "0xf703-0x240000" : {
        "Action" : 10,
        "Text" : "[1;5C"
      },
      "0xf701-0x260000" : {
        "Action" : 10,
        "Text" : "[1;6B"
      },
      "0xf702-0x280000" : {
        "Action" : 11,
        "Text" : "0x1b 0x1b 0x5b 0x44"
      },
      "0xf72b-0x20000" : {
        "Action" : 10,
        "Text" : "[1;2F"
      },
      "0x36-0x40000" : {
        "Action" : 11,
        "Text" : "0x1e"
      },
      "0xf708-0x20000" : {
        "Action" : 10,
        "Text" : "[15;2~"
      },
      "0xf701-0x220000" : {
        "Action" : 10,
        "Text" : "[1;2B"
      },
      "0xf70b-0x20000" : {
        "Action" : 10,
        "Text" : "[19;2~"
      },
      "0xf702-0x240000" : {
        "Action" : 10,